Pos	A	C	G	T	-	Total
0	194	0	0	0	0	194
1	0	0	270	0	0	270
2	0	277	0	0	0	277
3	168	1	117	0	0	286
4	395	0	0	0	0	395
5	402	0	0	0	0	402
6	403	1	2	0	0	406
7	2	0	408	1	0	411
8	0	428	0	0	0	428
9	428	0	0	0	0	428
10	0	0	490	0	0	490
11	1	0	500	0	0	501
12	1	0	558	0	0	559
13	3	3	1	556	0	563
14	0	0	679	0	0	679
15	693	1	0	0	0	694
16	0	723	0	0	0	723
17	727	0	0	0	0	727
18	727	1	1	0	0	729
19	773	0	0	0	0	773
20	0	0	1004	1	0	1005
21	1144	0	1	0	0	1145
22	0	1181	0	0	0	1181
23	1194	0	1	0	0	1195
24	0	0	0	1225	0	1225
25	1244	0	0	0	0	1244
26	1259	0	1	0	0	1260
27	1	0	1	1258	0	1260
28	4	0	1319	0	0	1323
29	0	0	1378	1	0	1379
30	1478	0	0	1	0	1479
31	0	2	0	2289	0	2291
32	0	1	0	2292	0	2293
33	0	2355	1	1	0	2357
34	1	2373	0	2	0	2376
35	2401	0	1	0	0	2402
36	2433	0	0	0	0	2433
37	3	2437	0	0	0	2440
38	2432	3	8	2	0	2445
39	1	2475	0	1	0	2477
40	2	0	1	2476	0	2479
41	0	0	2680	0	0	2680
42	1	4	0	2695	0	2700
43	0	2	2732	1	0	2735
44	2	7	2	2724	0	2735
45	5	2738	1	0	0	2744
46	2742	0	2	0	0	2744
47	2749	1	0	0	0	2750
48	1	0	2796	0	0	2797
49	2	3	2	2837	1	2845
50	1	1	0	2848	0	2850
51	1	0	0	2864	0	2865
52	1	2869	0	1	0	2871
53	2	2880	0	1	0	2883
54	2889	0	0	2	0	2891
55	0	1	2935	0	0	2936
56	1	0	2971	1	0	2973
57	5	13	4	2970	0	2992
58	2999	0	0	0	0	2999
59	1	1	3047	1	0	3050
60	3074	2	0	1	0	3077
61	1	0	0	3093	0	3094
62	1	1	0	3099	0	3101
63	0	1	3128	0	0	3129
64	2	3138	0	1	0	3141
65	1	3	0	3137	0	3141
66	0	1	0	3170	0	3171
67	0	3215	0	0	0	3215
68	1	3247	0	0	0	3248
69	1	0	0	3268	0	3269
70	0	0	2	3268	0	3270
71	1	1	1	3275	0	3278
72	0	0	3337	1	0	3338
73	4	1	3330	5	0	3340
74	1	3368	0	1	0	3370
75	3364	2	2	2	0	3370
76	0	0	0	3385	0	3385
77	3429	0	3	0	0	3432
78	0	1	0	3493	0	3494
79	2	2	1	3491	0	3496
80	2	3502	0	0	0	3504
81	1	3	3503	0	0	3507
82	2	0	3539	0	0	3541
83	3539	0	2	1	0	3542
84	3571	1	1	1	0	3574
85	3582	1	4	1	0	3588
86	1	3598	1	1	0	3601
87	3615	0	0	0	0	3615
88	3617	0	2	1	0	3620
89	0	0	3695	0	0	3695
90	3	4	3	3705	0	3715
91	1	0	1	3711	1	3714
92	0	2	3714	0	1	3717
93	2	0	3	3717	0	3722
94	3719	0	3	1	0	3723
95	1	1	3740	2	0	3744
96	3801	2	0	0	0	3803
97	1	3867	0	0	0	3868
98	1	3885	0	0	0	3886
99	3887	2	0	0	0	3889
100	3915	0	2	0	0	3917
101	3970	1	0	1	6	3978
102	3985	1	0	0	0	3986
103	4010	2	0	2	0	4014
104	3	4018	0	1	0	4022
105	3	2	2	3989	0	3996
106	0	1	4010	0	0	4011
107	4009	1	1	1	0	4012
108	1	0	4072	0	0	4073
109	5	10	8	4064	0	4087
110	3	1	4076	0	0	4080
111	4106	2	2	3	0	4113
112	1	0	3	4149	0	4153
113	1	0	4188	2	0	4191
114	4	4231	1	5	1	4242
115	4	4247	2	3	0	4256
116	2	4295	1	3	0	4301
117	2	4284	0	1	0	4287
118	4288	0	1	0	0	4289
119	0	0	0	4332	0	4332
120	1	4	0	4338	0	4343
121	1	4379	0	1	0	4381
122	3	4374	0	2	0	4379
123	1	3	1	4368	1	4374
124	3	4375	0	0	0	4378
125	1	1	4376	0	0	4378
126	4424	0	1	2	0	4427
127	2	2	0	4438	0	4442
128	4	4470	0	1	0	4475
129	4	4	4471	0	0	4479
130	3	3	4545	3	0	4554
131	1	4560	2	1	0	4564
132	1	7	1	4564	0	4573
133	1	1	0	4576	0	4578
134	3	4585	1	0	0	4589
135	2	1	4605	1	0	4609
136	5	4611	1	1	0	4618
137	1	4613	1	2	0	4617
138	9	0	4611	0	0	4620
139	4609	6	1	3	0	4619
140	1	2	4727	0	0	4730
141	4741	2	2	0	0	4745
142	3	2	0	4775	0	4780
143	2	4784	1	0	0	4787
144	4765	1	5	0	0	4771
145	1	0	4784	1	0	4786
146	4800	3	3	0	0	4806
147	3	2	4825	0	0	4830
148	2	0	4999	0	0	5001
149	6	4	4	5089	0	5103
150	5	5127	4	3	0	5139
151	1	5090	2	2	0	5095
152	6	5147	0	0	0	5153
153	2	0	0	5153	0	5155
154	5195	0	1	1	0	5197
155	5119	1	2	0	0	5122
156	1	0	5183	2	0	5186
157	5	0	5208	2	0	5215
158	0	3	5220	2	0	5225
159	3	0	5151	4	0	5158
160	5165	8	1	3	0	5177
161	5117	3	1	1	0	5122
162	5	0	5143	2	0	5150
163	5260	1	2	1	0	5264
164	1	0	5317	2	0	5320
165	2	2	5308	1	0	5313
166	3	5299	1	0	0	5303
167	5331	2	1	1	0	5335
168	5338	2	1	0	0	5341
169	1	1	0	5343	0	5345
170	5343	0	6	3	0	5352
171	4	5083	1	3	0	5091
172	4	8	0	5016	0	5028
173	3	4993	1	2	0	4999
174	3	7	2	4973	0	4985
175	0	5003	1	4	0	5008
176	0	1	5062	0	0	5063
177	3	2	5221	2	0	5228
178	2	11	9	5313	0	5335
179	1	5186	1	4	0	5192
180	0	12	0	5156	0	5168
181	5194	0	1	0	0	5195
182	1	0	4534	0	0	4535
183	4567	2	0	1	0	4570
184	1	4634	1	3	0	4639
185	4596	0	0	0	0	4596
186	0	0	0	4568	0	4568
187	2	4547	1	0	0	4550
188	4567	1	2	0	0	4570
189	4597	0	0	1	0	4598
190	4567	0	1	0	0	4568
191	2	2	4575	3	0	4582
192	1	4419	0	0	0	4420
193	4375	1	1	0	0	4377
194	3	2	4351	2	0	4358
195	1	4393	0	2	0	4396
196	2	4443	1	1	0	4447
197	4455	0	3	4	0	4462
198	4	4473	1	2	1	4481
199	3	4436	0	1	0	4440
200	2	4441	0	3	0	4446
201	4496	0	2	0	0	4498
202	0	0	0	4505	0	4505
203	1	0	4501	0	0	4502
204	1	4445	1	2	0	4449
205	2	5	0	4426	0	4433
206	1	0	4444	0	0	4445
207	1	0	4437	1	0	4439
208	4447	3	2	0	0	4452
209	4440	3	1	0	0	4444
210	4365	2	0	0	0	4367
211	1	0	4403	0	0	4404
212	2	4427	1	1	0	4431
213	4441	2	0	0	0	4443
214	4430	1	4	1	0	4436
215	4446	1	0	1	0	4448
216	1	0	0	4552	0	4553
217	0	3	0	4526	0	4529
218	4560	0	9	1	0	4570
219	1	1	0	4548	0	4550
220	4501	0	2	0	0	4503
221	0	0	4517	1	0	4518
222	4534	0	0	1	0	4535
223	4514	3	2	0	0	4519
224	4516	1	3	1	0	4521
225	4480	1	1	0	0	4482
226	0	0	4506	1	0	4507
227	4535	0	2	0	0	4537
228	0	2	0	4509	0	4511
229	1	0	0	4473	0	4474
230	2	4457	0	0	0	4459
231	0	2	0	4512	0	4514
232	2	0	4522	1	0	4525
233	4528	0	1	0	0	4529
234	4525	1	1	0	0	4527
235	4501	2	0	1	0	4504
236	1	0	4520	0	0	4521
237	4628	3	4	1	0	4636
238	4622	1	3	0	0	4626
239	0	0	4669	0	0	4669
240	4670	3	0	0	2	4675
241	4710	1	0	0	0	4711
242	0	1	1	4712	0	4714
243	1	4731	0	2	0	4734
244	0	3	1	4725	0	4729
245	0	0	4763	0	0	4763
246	4837	0	0	0	0	4837
247	0	1	1	4778	0	4780
248	2	0	4715	1	0	4718
249	4699	1	3	1	0	4704
250	3	1	4699	2	0	4705
251	3	1	4731	2	0	4737
252	5	4679	1	2	0	4687
253	4682	1	2	9	0	4694
254	2	4834	1	2	0	4839
255	1	0	0	4834	0	4835
256	2	0	1	4875	0	4878
257	4895	0	1	0	0	4896
258	4934	0	1	0	0	4935
259	4880	0	0	0	0	4880
260	4872	3	0	0	0	4875
261	1	0	0	4859	0	4860
262	1	0	4863	1	0	4865
263	4849	2	3	2	0	4856
264	3	4796	0	1	0	4800
265	4	4779	1	2	0	4786
266	4770	2	1	0	0	4773
267	2	1	1	4732	0	4736
268	1	1	4869	0	0	4871
269	5	0	4948	2	0	4955
270	1	4	1	4990	0	4996
271	3	5064	2	1	0	5070
272	1	2	2	5041	0	5046
273	5	5082	0	0	0	5087
274	5086	1	1	0	0	5088
275	5086	2	5	1	0	5094
276	3	5110	1	1	0	5115
277	5046	7	11	4	0	5068
278	0	5054	1	1	0	5056
279	3	5006	0	0	0	5009
280	1	12	2	4915	0	4930
281	1	2	4954	0	0	4957
282	0	4964	0	2	0	4966
283	2	0	4	4944	0	4950
284	5	2	1	4973	0	4981
285	1	4954	0	1	0	4956
286	0	1	4978	1	0	4980
287	0	4968	2	3	0	4973
288	3	0	4968	1	0	4972
289	5223	2	0	2	0	5227
290	1	3	1	5196	0	5201
291	5302	3	5	0	0	5310
292	0	5329	0	0	0	5329
293	5314	0	0	2	0	5316
294	0	4	1	5489	0	5494
295	5452	0	0	1	0	5453
296	5452	3	5	3	0	5463
297	2	5346	0	4	0	5352
298	3	1	0	5200	1	5205
299	2	0	5260	1	0	5263
300	5173	1	2	1	0	5177
301	1	5030	0	0	0	5031
302	5022	0	3	0	0	5025
303	0	0	1	5060	0	5061
304	0	1	5076	2	0	5079
305	5147	2	3	2	0	5154
306	4	5280	0	3	0	5287
307	0	5	4	5259	0	5268
308	5419	0	2	0	0	5421
309	2	1	2	5501	0	5506
310	0	2	1	5475	0	5478
311	2	0	5483	0	0	5485
312	5652	2	2	4	0	5660
313	4	2	5619	3	0	5628
314	3	1	5541	3	0	5548
315	5672	1	4	0	0	5677
316	6148	1	4	1	0	6154
317	0	6046	0	2	0	6048
318	0	1	1	5991	0	5993
319	1	1	6250	3	0	6255
320	2	2	1	6331	0	6336
321	0	6432	0	4	0	6436
322	6436	0	1	2	0	6439
323	6430	2	1	1	0	6434
324	2	2	6435	0	0	6439
325	6470	1	2	1	0	6474
326	6455	2	2	0	0	6459
327	6457	5	2	0	0	6464
328	0	6292	1	2	0	6295
329	2	4	0	6190	0	6196
330	2	3	6282	3	0	6290
331	1	0	6349	2	0	6352
332	6	5	3	6341	0	6355
333	5	3	1	6342	0	6351
334	1	6262	0	3	0	6266
335	6279	0	2	1	0	6282
336	4	1	3	6376	0	6384
337	3	2	6418	1	0	6424
338	2	6491	1	1	0	6495
339	1	2	0	6470	0	6473
340	6428	0	0	2	1	6431
341	6443	1	0	0	0	6444
342	3	1	2	6474	0	6480
343	2	1	6477	3	0	6483
344	5	6521	1	1	1	6529
345	10	6497	1	4	0	6512
346	4	6458	0	1	0	6463
347	6439	0	1	1	0	6441
348	6483	1	1	0	0	6485
349	1	1	6476	2	1	6481
350	3	6479	1	2	0	6485
351	6462	1	2	0	0	6465
352	3	0	6438	1	0	6442
353	6429	1	2	0	0	6432
354	6446	2	2	1	0	6451
355	6441	1	1	1	0	6444
356	0	1	6534	1	0	6536
357	20	15	7	6471	0	6513
358	2	0	6510	1	2	6515
359	3	1	6510	2	0	6516
360	6571	2	6	0	0	6579
361	6541	2	1	1	0	6545
362	3	1	6509	4	0	6517
363	2	2	6565	4	0	6573
364	6546	3	3	3	0	6555
365	4	6570	2	3	0	6579
366	3	6474	1	2	0	6480
367	1	3	1	6483	1	6489
368	4	6509	2	2	0	6517
369	0	3	0	6508	2	6513
370	1	1	2	6528	0	6532
371	1	3	0	6521	0	6525
372	2	2	6508	2	0	6514
373	2	6595	1	5	0	6603
374	6571	2	3	1	1	6578
375	0	7	0	6588	0	6595
376	3	6562	0	2	0	6567
377	6604	2	0	0	0	6606
378	2	0	6728	3	0	6733
379	6754	3	1	1	0	6759
380	6818	0	1	0	0	6819
381	2	1	1	6790	0	6794
382	3	0	6725	1	0	6729
383	5	3	6743	0	0	6751
384	6747	1	4	2	0	6754
385	4	6805	0	1	1	6811
386	1	6687	0	0	0	6688
387	6610	1	2	0	0	6613
388	1	2	6655	3	0	6661
389	4	0	6832	2	0	6838
390	2	6931	0	4	0	6937
391	6933	2	0	1	0	6936
392	7307	2	3	0	0	7312
393	1	1	2	7310	0	7314
394	1	7297	0	2	0	7300
395	7305	1	1	0	0	7307
396	1	0	1	7254	0	7256
397	1	1	7179	3	0	7184
398	2	1	7179	2	0	7184
399	7153	1	8	1	0	7163
400	3	0	7216	0	0	7219
401	7159	2	0	0	0	7161
402	7185	1	2	0	0	7188
403	7168	1	3	1	0	7173
404	7168	0	0	0	0	7168
405	7064	0	0	0	0	7064
406	7052	0	1	0	8	7061
407	7024	0	5	1	0	7030
408	4	3	3	6998	0	7008
409	2	6956	0	2	0	6960
410	6954	1	3	1	0	6959
411	1	1	0	7009	0	7011
412	0	0	7014	2	0	7016
413	1	1	0	7032	0	7034
414	0	1	1	6981	0	6983
415	6995	2	0	2	0	6999
416	7002	0	0	0	0	7002
417	7003	2	0	1	0	7006
418	6993	2	3	2	0	7000
419	4	1	6895	5	0	6905
420	1	6744	3	3	0	6751
421	2	0	6744	3	0	6749
422	6699	0	0	3	0	6702
423	6761	0	2	2	0	6765
424	6	0	3	6732	0	6741
425	2	3	0	6744	0	6749
426	1	0	5	6766	0	6772
427	1	6756	1	1	0	6759
428	6751	0	2	3	0	6756
429	6756	3	0	1	0	6760
430	1	0	2	6752	0	6755
431	0	0	6754	1	0	6755
432	8	9	5	6706	0	6728
433	2	0	6735	4	0	6741
434	6841	3	1	0	0	6845
435	0	1	2	6818	3	6824
436	0	0	1	6860	0	6861
437	0	0	2	6841	0	6843
438	2	0	2	6835	0	6839
439	2	0	2	6860	0	6864
440	4	0	6622	2	0	6628
441	5	2	6632	2	0	6641
442	1	6440	3	5	0	6449
443	4	6412	0	1	0	6417
444	3	0	6421	0	0	6424
445	6458	2	2	2	1	6465
446	5	6533	0	2	0	6540
447	2	3	1	6810	0	6816
448	6837	0	2	1	0	6840
449	1	0	6827	2	0	6830
450	6802	0	4	2	0	6808
451	3	1	6836	1	0	6841
452	6825	4	8	2	0	6839
453	3	7022	1	0	0	7026
454	4	6897	2	7	0	6910
455	6798	2	2	2	0	6804
456	1	1	2	7119	0	7123
457	6930	0	2	0	0	6932
458	2	0	7510	0	0	7512
459	10	8	6	7370	0	7394
460	7301	1	4	2	0	7308
461	0	0	1	7330	1	7332
462	1	0	2	7123	0	7126
463	7373	3	13	2	0	7391
464	3	7374	0	2	0	7379
465	2	1	1	7077	0	7081
466	7054	0	1	0	1	7056
467	6427	3	2	0	0	6432
468	1	1	6452	3	0	6457
469	2	1	6513	6	0	6522
470	7	2	6329	4	0	6342
471	2	6244	1	1	0	6248
472	0	7	1	6207	0	6215
473	1	1	2	6208	0	6212
474	1	3	2	6246	0	6252
475	1	6279	1	2	0	6283
476	6312	3	5	5	0	6325
477	3	6351	2	0	0	6356
478	0	6303	0	3	0	6306
479	3	0	6302	3	0	6308
480	6315	4	0	2	0	6321
481	6278	3	3	0	0	6284
482	0	0	6249	0	0	6249
483	6237	2	4	1	0	6244
484	3	1	6243	1	2	6250
485	23	0	6159	3	0	6185
486	5	3	6194	3	0	6205
487	6144	4	18	4	0	6170
488	0	0	6123	2	0	6125
489	3	6090	1	2	0	6096
490	6081	1	1	0	0	6083
491	6084	1	1	0	0	6086
492	0	0	2	6098	0	6100
493	0	2	2	6060	0	6064
494	2	1	6051	0	0	6054
495	2	5	2	5996	0	6005
496	0	1	0	6001	0	6002
497	3	0	6005	1	1	6010
498	4	0	6170	2	0	6176
499	2	6146	0	1	0	6149
500	1	0	6145	2	0	6148
501	6272	0	1	1	0	6274
502	6383	2	1	0	0	6386
503	6391	0	0	1	0	6392
504	0	3	2	6410	0	6415
505	1	6332	0	2	0	6335
506	0	2	1	6323	0	6326
507	2	6414	0	5	0	6421
508	6405	5	9	8	0	6427
509	2	6421	0	3	0	6426
510	2	6411	3	3	0	6419
511	6367	1	0	1	0	6369
512	0	2	2	6360	0	6364
513	0	3	1	6341	0	6345
514	1	0	6330	1	0	6332
515	1	6324	0	7	0	6332
516	1	6320	0	2	0	6323
517	2	1	1	6418	0	6422
518	0	3	1	6406	0	6410
519	0	6375	1	8	0	6384
520	0	5	1	6390	0	6396
521	3	2	1	6429	0	6435
522	0	2	3	6536	0	6541
523	2	1	1	6488	0	6492
524	2	6434	1	1	1	6439
525	2	6413	0	2	0	6417
526	6398	0	6	0	0	6404
527	1	0	6451	0	0	6452
528	3	0	6433	1	0	6437
529	6458	0	4	2	0	6464
530	2	6460	0	5	0	6467
531	6584	0	0	1	0	6585
532	1	6	4	6598	0	6609
533	6583	5	3	8	0	6599
534	0	7019	1	1	0	7021
535	1	4	3	7007	0	7015
536	6982	2	10	0	0	6994
537	0	3	5	6995	0	7003
538	1	3	0	6771	0	6775
539	3	0	6726	1	0	6730
540	6507	2	4	0	0	6513
541	7	0	6502	2	0	6511
542	0	0	6485	4	0	6489
543	5988	2	1	0	0	5991
544	0	2	0	6037	0	6039
545	2	0	6019	1	0	6022
546	2	4	1	6009	0	6016
547	2	6060	0	1	0	6063
548	6058	0	2	1	1	6062
549	6139	2	0	1	0	6142
550	6131	1	0	2	0	6134
551	6068	2	2	1	0	6073
552	6095	6	1	5	0	6107
553	1	1	1	6086	0	6089
554	2	0	6080	2	0	6084
555	1	6157	0	4	0	6162
556	6145	0	2	0	0	6147
557	6204	2	1	1	0	6208
558	0	2	3	6237	0	6242
559	0	0	2	6238	0	6240
560	1	1	6245	0	0	6247
561	3	2	6217	3	0	6225
562	4	0	6183	3	0	6190
563	1	0	6217	3	0	6221
564	3	7	4	6258	0	6272
565	4	6308	1	4	0	6317
566	1	6280	3	1	0	6285
567	1	4	1	6273	0	6279
568	0	6344	1	1	0	6346
569	6331	1	0	2	0	6334
570	1	1	4	6430	0	6436
571	2	6422	0	2	0	6426
572	3	1	6389	1	0	6394
573	3	0	6392	3	0	6398
574	6307	3	2	2	0	6314
575	5	0	6298	2	0	6305
576	0	0	6366	2	0	6368
577	6331	5	3	2	0	6341
578	3	6417	3	1	0	6424
579	1	0	1	6480	0	6482
580	2	1	2	6483	0	6488
581	2	0	6513	0	0	6515
582	6504	2	0	0	0	6506
583	6509	1	1	1	0	6512
584	1	2	0	6476	0	6479
585	2	1	6352	2	0	6357
586	1	1	6423	4	0	6429
587	6374	2	2	1	0	6379
588	6482	0	1	0	0	6483
589	1	4	2	6661	0	6668
590	2	0	6711	0	0	6713
591	6782	1	1	1	0	6785
592	1	1	0	6781	0	6783
593	6778	1	0	2	0	6781
594	6855	1	2	3	1	6862
595	0	6740	0	0	1	6741
596	6612	1	10	2	0	6625
597	2	6578	0	0	0	6580
598	6112	1	3	0	0	6116
599	5	0	6155	3	0	6163
600	0	2	5	6152	0	6159
601	4	1	1	6145	0	6151
602	3	6284	1	1	0	6289
603	2	0	6262	1	0	6265
604	6094	3	6	0	0	6103
605	2	0	6104	0	0	6106
606	5	11	0	6144	0	6160
607	2	5571	0	2	0	5575
608	0	3	4	5525	0	5532
609	3	5548	1	2	0	5554
610	0	1	2	5576	0	5579
611	5580	0	2	1	2	5585
612	5641	0	2	0	0	5643
613	5680	1	0	0	0	5681
614	5573	3	1	1	0	5578
615	5574	1	0	2	0	5577
616	4	2	5	5528	0	5539
617	4	5542	1	1	0	5548
618	1	0	0	5507	0	5508
619	5531	0	5	0	0	5536
620	0	5507	1	3	0	5511
621	5499	1	3	1	0	5504
622	2	1	5511	0	0	5514
623	5496	0	2	1	0	5499
624	1	0	5508	5	0	5514
625	5566	1	1	0	0	5568
626	2	1	0	5548	2	5553
627	1	0	2	5517	0	5520
628	2	5534	0	0	0	5536
629	1	1	5533	1	0	5536
630	0	5527	0	1	0	5528
631	3	0	1	5513	0	5517
632	1	1	1	5506	0	5509
633	7	2	5463	2	0	5474
634	0	1	5540	0	0	5541
635	5525	0	5	0	0	5530
636	0	0	5525	1	0	5526
637	5463	0	0	0	0	5463
638	5434	0	2	2	0	5438
639	0	0	5497	1	0	5498
640	2	5552	1	5	0	5560
641	5554	0	4	1	0	5559
642	1	1	5622	1	0	5625
643	1	3	1	5695	0	5700
644	5757	1	0	0	0	5758
645	5768	0	0	0	0	5768
646	2	0	2	5753	0	5757
647	0	0	5777	0	0	5777
648	5600	0	3	3	1	5607
649	0	0	5676	0	0	5676
650	5679	1	4	0	0	5684
651	5523	2	1	0	0	5526
652	6	1	3	5541	0	5551
653	4	0	5416	0	5	5425
654	1	0	5421	0	0	5422
655	1	1	5411	2	0	5415
656	1	0	5392	1	0	5394
657	5	0	5399	1	0	5405
658	5288	3	14	5	0	5310
659	1	5364	1	4	0	5370
660	2	5604	0	4	0	5610
661	1	12	1	5602	0	5616
662	2	5654	1	3	0	5660
663	6	5769	0	3	0	5778
664	5771	1	7	7	0	5786
665	4	5849	0	0	0	5853
666	0	2	4	5799	0	5805
667	1	0	1	5800	0	5802
668	5698	2	7	3	0	5710
669	3	5712	2	2	0	5719
670	3	2	4	5711	0	5720
671	1	5686	0	1	0	5688
672	1	5625	0	0	0	5626
673	5666	0	0	0	0	5666
674	5667	0	0	0	0	5667
675	5667	0	1	1	0	5669
676	5661	3	3	4	0	5671
677	2	5625	0	0	0	5627
678	5513	0	2	1	0	5516
679	2	0	5510	1	0	5513
680	5473	0	0	0	0	5473
681	5478	2	2	0	0	5482
682	5346	0	0	2	0	5348
683	0	5501	3	1	0	5505
684	1	0	5504	1	0	5506
685	2	0	5206	1	0	5209
686	0	0	5215	2	0	5217
687	5179	2	2	0	0	5183
688	5283	0	2	0	0	5285
689	5296	0	1	0	0	5297
690	1	3	2	5299	0	5305
691	0	2	5329	3	0	5334
692	1	0	5470	2	0	5473
693	5422	2	4	1	0	5429
694	1	1	5431	1	0	5434
695	5367	0	2	1	0	5370
696	2	0	5376	1	0	5379
697	5426	1	0	2	0	5429
698	5373	0	1	0	0	5374
699	1	5390	0	1	0	5392
700	5286	1	1	0	0	5288
701	3	0	5284	2	0	5289
702	3	5332	2	0	0	5337
703	0	2	2	5322	0	5326
704	5303	2	0	0	0	5305
705	3	1	5270	0	0	5274
706	2	0	5300	0	0	5302
707	3	4	1	5302	1	5311
708	2	5240	0	2	1	5245
709	5200	0	2	0	1	5203
710	2	0	5202	0	1	5205
711	5251	1	0	0	1	5253
712	5258	1	3	0	1	5263
713	3	0	5264	0	1	5268
714	0	1	2	5129	1	5133
715	1	0	0	5154	1	5156
716	1	0	0	5176	0	5177
717	0	0	5177	0	0	5177
718	5169	0	5	0	0	5174
719	5115	0	0	0	0	5115
720	0	0	5129	1	0	5130
721	5000	1	1	0	0	5002
722	3	2	4995	2	0	5002
723	5007	1	1	0	0	5009
724	2	1	0	5101	0	5104
725	5103	1	0	0	0	5104
726	5067	0	1	1	0	5069
727	3	0	5023	0	0	5026
728	5064	1	5	1	0	5071
729	1	1	1	4964	0	4967
730	1	1	4882	2	1	4887
731	6	0	4867	1	0	4874
732	1	4870	0	1	0	4872
733	3	0	1	4868	0	4872
734	5065	0	0	1	0	5066
735	5093	0	1	1	0	5095
736	2	0	2	5099	0	5103
737	0	2	1	5044	0	5047
738	0	0	5042	0	0	5042
739	5144	0	1	1	2	5148
740	5029	0	1	0	0	5030
741	0	0	4973	2	0	4975
742	4905	0	2	1	0	4908
743	1	1	4921	1	0	4924
744	5	1	4930	0	0	4936
745	6	2	2	4838	0	4848
746	1	0	4842	2	0	4845
747	4817	0	0	2	1	4820
748	0	0	4809	1	0	4810
749	4802	0	8	1	0	4811
750	6	4765	0	1	0	4772
751	4742	4	6	3	0	4755
752	0	4743	0	0	0	4743
753	4554	0	4	0	0	4558
754	2	0	4556	0	0	4558
755	4531	0	2	0	0	4533
756	2	4	0	4111	0	4117
757	1	0	0	4019	0	4020
758	1	0	3998	0	0	3999
759	4010	0	1	0	0	4011
760	1	1	4012	3	0	4017
761	4071	0	0	0	0	4071
762	4071	0	0	0	0	4071
763	0	4077	0	0	0	4077
764	4077	0	1	0	0	4078
765	4089	2	1	2	0	4094
766	0	4094	0	0	0	4094
767	1	0	0	4077	0	4078
768	1	0	4093	0	0	4094
769	4074	0	0	0	0	4074
770	4069	0	0	0	0	4069
771	4067	0	0	0	0	4067
772	3976	0	3	0	0	3979
773	3	1	4	3963	0	3971
774	3871	0	0	0	0	3871
775	0	1	3862	2	0	3865
776	0	3864	0	0	0	3864
777	0	2	5	3814	1	3822
778	1	0	0	3819	0	3820
779	0	0	1	3760	0	3761
780	1	0	3768	1	0	3770
781	3764	0	1	0	0	3765
782	5	0	3760	0	0	3765
783	0	3761	0	3	0	3764
784	3714	0	0	0	0	3714
785	3706	0	1	1	0	3708
786	3708	0	0	0	0	3708
787	3	0	0	3704	0	3707
788	3699	0	0	2	0	3701
789	3645	4	4	2	0	3655
790	0	3589	1	0	0	3590
791	3563	1	0	0	0	3564
792	0	0	1	3548	0	3549
793	2	3	2	3463	0	3470
794	0	3395	0	0	0	3395
795	3384	0	0	1	0	3385
796	0	0	1	3368	0	3369
797	1	0	3358	1	0	3360
798	0	3283	0	0	0	3283
799	3246	0	1	0	0	3247
800	3188	1	0	0	0	3189
801	1	1	3184	3	0	3189
802	1	3187	1	2	0	3191
803	3145	0	1	1	0	3147
804	0	0	1	3140	0	3141
805	0	0	1	3128	0	3129
806	3125	2	0	1	0	3128
807	1	3117	0	0	0	3118
808	3096	0	2	1	0	3099
809	3085	1	1	3	0	3090
810	0	3016	0	2	0	3018
811	1	2	0	2722	0	2725
812	2699	1	3	9	0	2712
813	0	2647	0	2	0	2649
814	1	0	0	2502	0	2503
815	2	0	2512	2	0	2516
816	2	3	1	2417	0	2423
817	1	0	3	2419	0	2423
818	0	2	0	2416	0	2418
819	1	0	2373	0	0	2374
820	2345	0	2	0	0	2347
821	2324	0	0	0	0	2324
822	1	1	2321	1	0	2324
823	1	0	0	2290	0	2291
824	1	0	2203	0	0	2204
825	0	2	2201	1	0	2204
826	2199	0	0	0	1	2200
827	2196	1	0	0	1	2198
828	0	2198	0	0	1	2199
829	2151	2	1	0	0	2154
830	4	0	2153	0	0	2157
831	0	0	2138	2	0	2140
832	2113	1	8	1	0	2123
833	0	0	2123	0	0	2123
834	1916	0	1	0	0	1917
835	0	1	0	1911	0	1912
836	1898	0	0	0	0	1898
837	1889	0	0	0	0	1889
838	3	1	1885	0	0	1889
839	1731	1	0	0	0	1732
840	1710	3	6	4	0	1723
841	1	1692	1	0	0	1694
842	0	1	1	1502	0	1504
843	0	0	2	1497	0	1499
844	1	0	1	1488	0	1490
845	0	1482	0	1	0	1483
846	1	0	0	1478	0	1479
847	1	1440	0	1	0	1442
848	1415	1	1	0	0	1417
849	0	1	2	1411	0	1414
850	0	0	1	1391	0	1392
851	0	0	1	1383	0	1384
852	0	1375	0	0	0	1375
853	1321	0	1	0	0	1322
854	1	0	1321	0	0	1322
855	1	1304	0	0	0	1305
856	0	0	0	1235	0	1235
857	0	0	0	1232	0	1232
858	1210	0	0	0	0	1210
859	0	1	1	1207	0	1209
860	0	0	0	1209	0	1209
861	0	0	0	1195	1	1196
862	1138	0	2	2	1	1143
863	1110	0	0	0	1	1111
864	1	0	0	1096	0	1097
865	0	0	1087	3	0	1090
866	1060	0	0	0	0	1060
867	0	1	1	989	0	991
868	987	0	0	0	0	987
869	987	0	0	0	0	987
870	985	0	0	1	0	986
871	983	0	0	0	0	983
872	971	0	0	0	0	971
873	958	2	2	2	0	964
874	2	955	0	0	0	957
875	814	1	3	13	0	831
876	0	830	1	0	0	831
877	0	801	0	5	0	806
878	0	778	0	1	0	779
879	0	0	0	746	0	746
880	0	1	1	724	0	726
881	0	0	718	0	0	718
882	0	0	0	682	0	682
883	0	0	0	677	0	677
884	0	0	5	653	0	658
885	0	367	6	0	1	374
886	1	0	0	330	0	331
887	318	0	0	1	0	319
888	1	312	0	0	0	313
889	0	0	0	94	0	94
